,DEPARTAMENTO,MUNICIPIO,CANTIDAD
1052,VALLE DEL CAUCA,CALI,30426
157,BOGOTÁ D.C.,"BOGOTA, D.C.",26793
70,ANTIOQUIA,MEDELLIN,17173
135,ATLÁNTICO,BARRANQUILLA,7153
813,NORTE DE SANTANDER,CUCUTA,6437
166,BOLÍVAR,CARTAGENA,4886
877,RISARALDA,PEREIRA,4728
791,NARIÑO,SAN ANDRES DE TUMACO,3916
1070,VALLE DEL CAUCA,PALMIRA,3808
1049,VALLE DEL CAUCA,BUENAVENTURA,3483
706,MAGDALENA,SANTA MARTA,3178
1079,VALLE DEL CAUCA,TULUA,3155
563,CUNDINAMARCA,SOACHA,3049
738,META,VILLAVICENCIO,2849
153,ATLÁNTICO,SOLEDAD,2739
892,SANTANDER,BUCARAMANGA,2462
329,CALDAS,MANIZALES,2319
449,CESAR,VALLEDUPAR,2258
17,ANTIOQUIA,BELLO,2167
856,QUINDÍO,ARMENIA,2066
1018,TOLIMA,IBAGUE,2007
1055,VALLE DEL CAUCA,CARTAGO,1957
59,ANTIOQUIA,ITAGUI,1847
871,RISARALDA,DOSQUEBRADAS,1811
409,CAUCA,POPAYAN,1756
607,CÓRDOBA,MONTERIA,1750
471,CHOCÓ,QUIBDO,1748
1064,VALLE DEL CAUCA,GUADALAJARA DE BUGA,1745
782,NARIÑO,PASTO,1742
647,HUILA,NEIVA,1733
1065,VALLE DEL CAUCA,JAMUNDI,1722
674,LA GUAJIRA,MAICAO,1624
1084,VALLE DEL CAUCA,YUMBO,1613
415,CAUCA,SANTANDER DE QUILICHAO,1470
889,SANTANDER,BARRANCABERMEJA,1455
676,LA GUAJIRA,RIOHACHA,1400
114,ANTIOQUIA,TURBO,1280
847,PUTUMAYO,PUERTO ASIS,1277
133,ARAUCA,TAME,1248
994,SUCRE,SINCELEJO,1239
31,ANTIOQUIA,CAUCASIA,1225
839,NORTE DE SANTANDER,TIBU,1125
354,CAQUETÁ,FLORENCIA,1125
686,MAGDALENA,CIENAGA,984
410,CAUCA,PUERTO TEJADA,982
12,ANTIOQUIA,APARTADO,973
653,HUILA,PITALITO,956
132,ARAUCA,SARAVENA,918
1061,VALLE DEL CAUCA,FLORIDA,909
106,ANTIOQUIA,SEGOVIA,890
1054,VALLE DEL CAUCA,CANDELARIA,819
325,CALDAS,CHINCHINA,815
1059,VALLE DEL CAUCA,EL CERRITO,805
360,CAQUETÁ,SAN VICENTE DEL CAGUAN,767
842,NORTE DE SANTANDER,VILLA DEL ROSARIO,757
828,NORTE DE SANTANDER,OCAÑA,751
110,ANTIOQUIA,TARAZA,746
392,CAUCA,EL TAMBO,738
767,NARIÑO,IPIALES,733
1076,VALLE DEL CAUCA,SEVILLA,729
1071,VALLE DEL CAUCA,PRADERA,727
880,RISARALDA,SANTA ROSA DE CABAL,722
382,CASANARE,YOPAL,713
1067,VALLE DEL CAUCA,LA UNION,706
425,CESAR,AGUACHICA,694
1051,VALLE DEL CAUCA,CAICEDONIA,693
606,CÓRDOBA,MONTELIBANO,692
391,CAUCA,CORINTO,688
916,SANTANDER,FLORIDABLANCA,686
1074,VALLE DEL CAUCA,ROLDANILLO,685
84,ANTIOQUIA,REMEDIOS,673
81,ANTIOQUIA,PUERTO BERRIO,670
86,ANTIOQUIA,RIONEGRO,661
1085,VALLE DEL CAUCA,ZARZAL,649
858,QUINDÍO,CALARCA,644
33,ANTIOQUIA,CHIGORODO,638
25,ANTIOQUIA,CALDAS,637
621,CÓRDOBA,TIERRALTA,636
406,CAUCA,PATIA,629
515,CUNDINAMARCA,GIRARDOT,617
628,GUAVIARE,SAN JOSE DEL GUAVIARE,613
854,PUTUMAYO,VALLE DEL GUAMUEZ,612
123,ANTIOQUIA,YARUMAL,610
23,ANTIOQUIA,CACERES,606
128,ARAUCA,ARAUQUITA,592
384,CAUCA,ARGELIA,591
864,QUINDÍO,MONTENEGRO,580
141,ATLÁNTICO,MALAMBO,577
7,ANTIOQUIA,ANDES,570
744,NARIÑO,BARBACOAS,569
327,CALDAS,LA DORADA,561
825,NORTE DE SANTANDER,LOS PATIOS,552
711,META,ACACIAS,545
43,ANTIOQUIA,EL BAGRE,543
721,META,GRANADA,543
710,MAGDALENA,ZONA BANANERA,536
16,ANTIOQUIA,BARBOSA,536
790,NARIÑO,SAMANIEGO,527
691,MAGDALENA,FUNDACION,525
866,QUINDÍO,QUIMBAYA,514
39,ANTIOQUIA,COPACABANA,506
358,CAQUETÁ,PUERTO RICO,496
919,SANTANDER,GIRON,494
127,ARAUCA,ARAUCA,492
739,META,VISTAHERMOSA,486
874,RISARALDA,LA VIRGINIA,473
64,ANTIOQUIA,LA ESTRELLA,473
846,PUTUMAYO,ORITO,471
35,ANTIOQUIA,CIUDAD BOLIVAR,469
47,ANTIOQUIA,ENVIGADO,463
1046,VALLE DEL CAUCA,ANSERMANUEVO,461
117,ANTIOQUIA,VALDIVIA,450
1056,VALLE DEL CAUCA,DAGUA,441
60,ANTIOQUIA,ITUANGO,439
510,CUNDINAMARCA,FUSAGASUGA,431
1063,VALLE DEL CAUCA,GUACARI,428
387,CAUCA,BUENOS AIRES,426
390,CAUCA,CALOTO,421
603,CÓRDOBA,LORICA,416
597,CÓRDOBA,CERETE,400
609,CÓRDOBA,PLANETA RICA,397
1011,TOLIMA,ESPINAL,394
322,CALDAS,ANSERMA,394
426,CESAR,AGUSTIN CODAZZI,388
849,PUTUMAYO,PUERTO GUZMAN,385
350,CAQUETÁ,CARTAGENA DEL CHAIRA,380
863,QUINDÍO,LA TEBAIDA,378
944,SANTANDER,PIEDECUESTA,377
126,ANTIOQUIA,ZARAGOZA,375
883,SAN ANDRÉS ISLAS,SAN ANDRES,375
174,BOLÍVAR,MAGANGUE,374
270,BOYACÁ,PUERTO BOYACA,373
29,ANTIOQUIA,CAREPA,372
170,BOLÍVAR,EL CARMEN DE BOLIVAR,371
401,CAUCA,MERCADERES,370
130,ARAUCA,FORTUL,370
386,CAUCA,BOLIVAR,367
783,NARIÑO,POLICARPA,351
200,BOLÍVAR,TURBACO,350
385,CAUCA,BALBOA,350
728,META,PUERTO GAITAN,345
1006,TOLIMA,CHAPARRAL,344
116,ANTIOQUIA,URRAO,344
418,CAUCA,SUAREZ,342
629,HUILA,ACEVEDO,337
612,CÓRDOBA,PUERTO LIBERTADOR,333
1050,VALLE DEL CAUCA,BUGALAGRANDE,333
402,CAUCA,MIRANDA,329
1077,VALLE DEL CAUCA,TORO,328
668,LA GUAJIRA,DIBULLA,326
69,ANTIOQUIA,MARINILLA,322
614,CÓRDOBA,SAHAGUN,321
1073,VALLE DEL CAUCA,RIOFRIO,321
632,HUILA,ALGECIRAS,321
845,PUTUMAYO,MOCOA,319
505,CUNDINAMARCA,FACATATIVA,317
730,META,PUERTO LOPEZ,317
1045,VALLE DEL CAUCA,ANDALUCIA,317
44,ANTIOQUIA,EL CARMEN DE VIBORAL,315
848,PUTUMAYO,PUERTO CAICEDO,314
812,NORTE DE SANTANDER,CONVENCION,313
991,SUCRE,SAN ONOFRE,308
463,CHOCÓ,ISTMINA,308
593,CUNDINAMARCA,ZIPAQUIRA,307
10,ANTIOQUIA,ANORI,307
1034,TOLIMA,ROVIRA,300
1013,TOLIMA,FLANDES,299
635,HUILA,CAMPOALEGRE,296
5,ANTIOQUIA,AMAGA,295
192,BOLÍVAR,SAN PABLO,295
638,HUILA,GARZON,294
780,NARIÑO,OLAYA HERRERA,292
161,BOLÍVAR,ARJONA,288
645,HUILA,LA PLATA,283
89,ANTIOQUIA,SALGAR,279
150,ATLÁNTICO,SABANALARGA,278
51,ANTIOQUIA,GIRARDOTA,278
859,QUINDÍO,CIRCASIA,276
682,MAGDALENA,ARACATACA,274
688,MAGDALENA,EL BANCO,273
903,SANTANDER,CIMITARRA,272
855,PUTUMAYO,VILLAGARZON,272
388,CAUCA,CAJIBIO,271
63,ANTIOQUIA,LA CEJA,271
1022,TOLIMA,MARIQUITA,270
870,RISARALDA,BELEN DE UMBRIA,270
731,META,PUERTO RICO,269
1044,VALLE DEL CAUCA,ALCALA,268
355,CAQUETÁ,LA MONTAÑITA,268
723,META,LA MACARENA,266
817,NORTE DE SANTANDER,EL TARRA,264
1075,VALLE DEL CAUCA,SAN PEDRO,262
818,NORTE DE SANTANDER,EL ZULIA,260
337,CALDAS,PALESTINA,257
103,ANTIOQUIA,SANTA ROSA DE OSOS,257
1029,TOLIMA,PLANADAS,256
107,ANTIOQUIA,SONSON,256
1078,VALLE DEL CAUCA,TRUJILLO,256
671,LA GUAJIRA,FONSECA,252
1083,VALLE DEL CAUCA,YOTOCO,251
838,NORTE DE SANTANDER,TEORAMA,249
353,CAQUETÁ,EL PAUJIL,249
736,META,SAN MARTIN,246
364,CASANARE,AGUAZUL,246
104,ANTIOQUIA,SANTAFE DE ANTIOQUIA,244
0,AMAZONAS,LETICIA,241
434,CESAR,EL PASO,240
6,ANTIOQUIA,AMALFI,239
55,ANTIOQUIA,GUARNE,237
804,NORTE DE SANTANDER,ABREGO,237
339,CALDAS,RIOSUCIO,237
1014,TOLIMA,FRESNO,237
851,PUTUMAYO,SAN MIGUEL,237
124,ANTIOQUIA,YOLOMBO,237
879,RISARALDA,QUINCHIA,237
352,CAQUETÁ,EL DONCELLO,236
1057,VALLE DEL CAUCA,EL AGUILA,235
73,ANTIOQUIA,MUTATA,234
1068,VALLE DEL CAUCA,LA VICTORIA,233
697,MAGDALENA,PLATO,232
643,HUILA,ISNOS,228
346,CALDAS,VILLAMARIA,227
876,RISARALDA,MISTRATO,226
424,CAUCA,VILLA RICA,225
359,CAQUETÁ,SAN JOSE DEL FRAGUA,224
342,CALDAS,SAMANA,224
844,PUTUMAYO,LEGUIZAMO,224
119,ANTIOQUIA,VEGACHI,222
1048,VALLE DEL CAUCA,BOLIVAR,218
311,BOYACÁ,TUNJA,218
429,CESAR,BOSCONIA,218
1053,VALLE DEL CAUCA,CALIMA,218
88,ANTIOQUIA,SABANETA,216
1069,VALLE DEL CAUCA,OBANDO,215
195,BOLÍVAR,SANTA ROSA DEL SUR,215
755,NARIÑO,EL CHARCO,213
836,NORTE DE SANTANDER,SARDINATA,213
677,LA GUAJIRA,SAN JUAN DEL CESAR,213
616,CÓRDOBA,SAN ANTERO,212
125,ANTIOQUIA,YONDO,212
48,ANTIOQUIA,FREDONIA,212
334,CALDAS,NEIRA,208
38,ANTIOQUIA,CONCORDIA,208
536,CUNDINAMARCA,MOSQUERA,208
1021,TOLIMA,LIBANO,208
948,SANTANDER,PUERTO WILCHES,207
344,CALDAS,SUPIA,207
950,SANTANDER,SABANA DE TORRES,206
772,NARIÑO,LA UNION,206
40,ANTIOQUIA,DABEIBA,203
1023,TOLIMA,MELGAR,202
76,ANTIOQUIA,NECOCLI,202
875,RISARALDA,MARSELLA,202
420,CAUCA,TIMBIO,200
19,ANTIOQUIA,BETANIA,199
21,ANTIOQUIA,BRICEÑO,199
990,SUCRE,SAN MARCOS,197
293,BOYACÁ,SOGAMOSO,197
726,META,MESETAS,197
108,ANTIOQUIA,SOPETRAN,196
381,CASANARE,VILLANUEVA,196
102,ANTIOQUIA,SANTA BARBARA,195
594,CÓRDOBA,AYAPEL,194
321,CALDAS,AGUADAS,194
975,SUCRE,COROZAL,192
788,NARIÑO,RICAURTE,190
881,RISARALDA,SANTUARIO,190
1060,VALLE DEL CAUCA,EL DOVIO,189
100,ANTIOQUIA,SAN ROQUE,188
734,META,SAN JUAN DE ARAMA,187
667,LA GUAJIRA,BARRANCAS,187
177,BOLÍVAR,MARIA LA BAJA,186
800,NARIÑO,TAMINANGO,186
773,NARIÑO,LEIVA,185
91,ANTIOQUIA,SAN CARLOS,184
1015,TOLIMA,GUAMO,183
474,CHOCÓ,RIOSUCIO,183
729,META,PUERTO LLERAS,183
372,CASANARE,PAZ DE ARIPORO,181
232,BOYACÁ,DUITAMA,180
394,CAUCA,GUACHENE,180
138,ATLÁNTICO,GALAPA,177
432,CESAR,CURUMANI,177
993,SUCRE,SANTIAGO DE TOLU,177
403,CAUCA,MORALES,175
737,META,URIBE,175
1017,TOLIMA,HONDA,175
97,ANTIOQUIA,SAN PEDRO,173
508,CUNDINAMARCA,FUNZA,172
868,RISARALDA,APIA,172
533,CUNDINAMARCA,MADRID,172
433,CESAR,EL COPEY,171
595,CÓRDOBA,BUENAVISTA,171
324,CALDAS,BELALCAZAR,166
389,CAUCA,CALDONO,163
1072,VALLE DEL CAUCA,RESTREPO,163
830,NORTE DE SANTANDER,PUERTO SANTANDER,162
20,ANTIOQUIA,BETULIA,162
802,NARIÑO,TUQUERRES,160
625,GUAVIARE,CALAMAR,158
134,ATLÁNTICO,BARANOA,158
626,GUAVIARE,EL RETORNO,157
395,CAUCA,GUAPI,157
330,CALDAS,MANZANARES,156
720,META,FUENTE DE ORO,156
408,CAUCA,PIENDAMO,156
620,CÓRDOBA,SAN PELAYO,154
475,CHOCÓ,SAN JOSE DEL PALMAR,154
93,ANTIOQUIA,SAN JERONIMO,154
79,ANTIOQUIA,PEÑOL,153
105,ANTIOQUIA,SANTO DOMINGO,153
602,CÓRDOBA,LA APARTADA,153
431,CESAR,CHIRIGUANA,152
757,NARIÑO,EL ROSARIO,152
347,CALDAS,VITERBO,152
438,CESAR,LA JAGUA DE IBIRICO,151
829,NORTE DE SANTANDER,PAMPLONA,149
2,ANTIOQUIA,ABEJORRAL,148
120,ANTIOQUIA,VENECIA,148
1000,TOLIMA,ANZOATEGUI,148
61,ANTIOQUIA,JARDIN,145
147,ATLÁNTICO,PUERTO COLOMBIA,144
83,ANTIOQUIA,PUERTO TRIUNFO,144
678,LA GUAJIRA,URIBIA,143
600,CÓRDOBA,CIENAGA DE ORO,143
718,META,EL CASTILLO,143
442,CESAR,PELAYA,141
599,CÓRDOBA,CHINU,141
517,CUNDINAMARCA,GUADUAS,141
217,BOYACÁ,CHIQUINQUIRA,141
656,HUILA,SAN AGUSTIN,139
1089,VICHADA,CUMARIBO,139
1058,VALLE DEL CAUCA,EL CAIRO,138
1003,TOLIMA,CAJAMARCA,138
1032,TOLIMA,RIOBLANCO,138
101,ANTIOQUIA,SAN VICENTE,137
725,META,MAPIRIPAN,136
1008,TOLIMA,COYAIMA,136
754,NARIÑO,CUMBITARA,135
49,ANTIOQUIA,FRONTINO,135
45,ANTIOQUIA,EL SANTUARIO,135
561,CUNDINAMARCA,SILVANIA,133
340,CALDAS,RISARALDA,133
405,CAUCA,PAEZ,133
36,ANTIOQUIA,COCORNA,132
495,CUNDINAMARCA,CHIA,132
196,BOLÍVAR,SIMITI,132
75,ANTIOQUIA,NECHI,132
986,SUCRE,SAMPUES,131
639,HUILA,GIGANTE,131
41,ANTIOQUIA,DON MATIAS,131
1091,VICHADA,PUERTO CARREÑO,131
439,CESAR,LA PAZ,130
683,MAGDALENA,ARIGUANI,130
9,ANTIOQUIA,ANGOSTURA,130
122,ANTIOQUIA,YALI,130
194,BOLÍVAR,SANTA ROSA,129
351,CAQUETÁ,CURILLO,128
338,CALDAS,PENSILVANIA,126
477,CHOCÓ,TADO,125
727,META,PUERTO CONCORDIA,125
820,NORTE DE SANTANDER,HACARI,124
654,HUILA,RIVERA,123
680,LA GUAJIRA,VILLANUEVA,123
68,ANTIOQUIA,MACEO,123
627,GUAVIARE,MIRAFLORES,123
422,CAUCA,TORIBIO,122
441,CESAR,PAILITAS,122
368,CASANARE,MANI,122
617,CÓRDOBA,SAN BERNARDO DEL VIENTO,121
454,CHOCÓ,BAHIA SOLANO,121
34,ANTIOQUIA,CISNEROS,120
658,HUILA,SUAZA,120
774,NARIÑO,LINARES,120
1026,TOLIMA,ORTEGA,119
873,RISARALDA,LA CELIA,118
326,CALDAS,FILADELFIA,118
650,HUILA,PALERMO,117
724,META,LEJANIAS,116
66,ANTIOQUIA,LA UNION,116
623,CÓRDOBA,VALENCIA,115
96,ANTIOQUIA,SAN LUIS,113
421,CAUCA,TIMBIQUI,113
140,ATLÁNTICO,LURUACO,112
869,RISARALDA,BALBOA,112
619,CÓRDOBA,SAN JOSE DE URE,112
1062,VALLE DEL CAUCA,GINEBRA,111
777,NARIÑO,MALLAMA,111
589,CUNDINAMARCA,VILLETA,110
1020,TOLIMA,LERIDA,110
862,QUINDÍO,GENOVA,110
90,ANTIOQUIA,SAN ANDRES DE CUERQUIA,109
450,CHOCÓ,ACANDI,108
984,SUCRE,OVEJAS,108
560,CUNDINAMARCA,SIBATE,107
412,CAUCA,ROSAS,107
53,ANTIOQUIA,GRANADA,107
113,ANTIOQUIA,TOLEDO,107
74,ANTIOQUIA,NARIÑO,106
930,SANTANDER,LANDAZURI,106
692,MAGDALENA,GUAMAL,106
428,CESAR,BECERRIL,106
887,SANTANDER,BARBOSA,106
949,SANTANDER,RIONEGRO,106
931,SANTANDER,LEBRIJA,106
527,CUNDINAMARCA,LA MESA,105
722,META,GUAMAL,104
336,CALDAS,PACORA,104
1002,TOLIMA,ATACO,103
1066,VALLE DEL CAUCA,LA CUMBRE,102
816,NORTE DE SANTANDER,EL CARMEN,102
445,CESAR,SAN ALBERTO,102
446,CESAR,SAN DIEGO,102
356,CAQUETÁ,MILAN,102
798,NARIÑO,SANTACRUZ,102
362,CAQUETÁ,SOLITA,102
99,ANTIOQUIA,SAN RAFAEL,101
341,CALDAS,SALAMINA,100
65,ANTIOQUIA,LA PINTADA,100
976,SUCRE,COVEÑAS,100
675,LA GUAJIRA,MANAURE,99
443,CESAR,PUEBLO BELLO,99
188,BOLÍVAR,SAN JACINTO,99
32,ANTIOQUIA,CAÑASGORDAS,98
707,MAGDALENA,SITIONUEVO,98
760,NARIÑO,FRANCISCO PIZARRO,98
399,CAUCA,LA VEGA,97
349,CAQUETÁ,BELEN DE LOS ANDAQUIES,97
1001,TOLIMA,ARMERO,97
447,CESAR,SAN MARTIN,97
640,HUILA,GUADALUPE,96
1081,VALLE DEL CAUCA,VERSALLES,96
404,CAUCA,PADILLA,95
1047,VALLE DEL CAUCA,ARGELIA,95
490,CUNDINAMARCA,CAJICA,95
379,CASANARE,TAURAMENA,95
407,CAUCA,PIAMONTE,95
98,ANTIOQUIA,SAN PEDRO DE URABA,95
789,NARIÑO,ROBERTO PAYAN,95
659,HUILA,TARQUI,94
1005,TOLIMA,CASABIANCA,94
696,MAGDALENA,PIVIJAY,94
663,HUILA,TIMANA,93
833,NORTE DE SANTANDER,SAN CALIXTO,93
202,BOLÍVAR,VILLANUEVA,92
586,CUNDINAMARCA,VILLA DE SAN DIEGO DE UBATE,92
26,ANTIOQUIA,CAMPAMENTO,91
87,ANTIOQUIA,SABANALARGA,91
430,CESAR,CHIMICHAGUA,91
660,HUILA,TELLO,91
400,CAUCA,LOPEZ,90
13,ANTIOQUIA,ARBOLETES,90
610,CÓRDOBA,PUEBLO NUEVO,89
878,RISARALDA,PUEBLO RICO,89
634,HUILA,BARAYA,89
82,ANTIOQUIA,PUERTO NARE,89
547,CUNDINAMARCA,PUERTO SALGAR,88
1016,TOLIMA,HERVEO,88
1042,TOLIMA,VILLAHERMOSA,88
331,CALDAS,MARMATO,88
42,ANTIOQUIA,EBEJICO,88
109,ANTIOQUIA,TAMESIS,87
14,ANTIOQUIA,ARGELIA,86
178,BOLÍVAR,MOMPOS,86
478,CHOCÓ,UNGUIA,86
22,ANTIOQUIA,BURITICA,86
1036,TOLIMA,SAN ANTONIO,85
361,CAQUETÁ,SOLANO,85
796,NARIÑO,SANDONA,85
149,ATLÁNTICO,SABANAGRANDE,85
459,CHOCÓ,CONDOTO,85
396,CAUCA,INZA,85
865,QUINDÍO,PIJAO,85
787,NARIÑO,PUPIALES,85
165,BOLÍVAR,CANTAGALLO,84
989,SUCRE,SAN LUIS DE SINCE,83
1041,TOLIMA,VENADILLO,83
190,BOLÍVAR,SAN JUAN NEPOMUCENO,83
891,SANTANDER,BOLIVAR,82
383,CAUCA,ALMAGUER,82
666,LA GUAJIRA,ALBANIA,82
751,NARIÑO,CORDOBA,81
92,ANTIOQUIA,SAN FRANCISCO,81
867,QUINDÍO,SALENTO,81
112,ANTIOQUIA,TITIRIBI,81
131,ARAUCA,PUERTO RONDON,80
502,CUNDINAMARCA,EL COLEGIO,80
444,CESAR,RIO DE ORO,80
753,NARIÑO,CUMBAL,80
999,TOLIMA,AMBALEMA,80
618,CÓRDOBA,SAN CARLOS,80
604,CÓRDOBA,LOS CORDOBAS,80
542,CUNDINAMARCA,PACHO,79
448,CESAR,TAMALAMEQUE,79
1025,TOLIMA,NATAGAIMA,78
716,META,CUMARAL,78
655,HUILA,SALADOBLANCO,78
332,CALDAS,MARQUETALIA,77
323,CALDAS,ARANZAZU,77
822,NORTE DE SANTANDER,LA ESPERANZA,77
369,CASANARE,MONTERREY,77
631,HUILA,AIPE,76
513,CUNDINAMARCA,GACHETA,76
996,SUCRE,TOLU VIEJO,76
714,META,CASTILLA LA NUEVA,76
590,CUNDINAMARCA,VIOTA,76
8,ANTIOQUIA,ANGELOPOLIS,76
797,NARIÑO,SANTA BARBARA,76
199,BOLÍVAR,TIQUISIO,75
693,MAGDALENA,NUEVA GRANADA,75
452,CHOCÓ,ATRATO,75
530,CUNDINAMARCA,LA VEGA,75
1082,VALLE DEL CAUCA,VIJES,75
732,META,RESTREPO,75
746,NARIÑO,BUESACO,74
193,BOLÍVAR,SANTA CATALINA,74
748,NARIÑO,COLON,73
85,ANTIOQUIA,RETIRO,73
776,NARIÑO,MAGUI,73
419,CAUCA,SUCRE,73
179,BOLÍVAR,MONTECRISTO,72
348,CAQUETÁ,ALBANIA,72
690,MAGDALENA,EL RETEN,72
484,CUNDINAMARCA,APULO,72
698,MAGDALENA,PUEBLOVIEJO,72
872,RISARALDA,GUATICA,71
611,CÓRDOBA,PUERTO ESCONDIDO,71
982,SUCRE,MAJAGUAL,71
823,NORTE DE SANTANDER,LA PLAYA,70
794,NARIÑO,SAN PABLO,70
437,CESAR,LA GLORIA,70
793,NARIÑO,SAN LORENZO,70
373,CASANARE,PORE,70
57,ANTIOQUIA,HELICONIA,70
201,BOLÍVAR,TURBANA,69
957,SANTANDER,SAN VICENTE DE CHUCURI,69
52,ANTIOQUIA,GOMEZ PLATA,69
608,CÓRDOBA,MOÑITOS,68
380,CASANARE,TRINIDAD,68
657,HUILA,SANTA MARIA,67
979,SUCRE,GUARANDA,67
987,SUCRE,SAN BENITO ABAD,67
953,SANTANDER,SAN GIL,67
427,CESAR,ASTREA,66
768,NARIÑO,LA CRUZ,66
468,CHOCÓ,MEDIO SAN JUAN,66
469,CHOCÓ,NOVITA,65
175,BOLÍVAR,MAHATES,65
180,BOLÍVAR,MORALES,64
641,HUILA,HOBO,64
1019,TOLIMA,ICONONZO,64
393,CAUCA,FLORENCIA,64
416,CAUCA,SILVIA,64
652,HUILA,PITAL,64
715,META,CUBARRAL,63
366,CASANARE,HATO COROZAL,63
1027,TOLIMA,PALOCABILDO,63
371,CASANARE,OROCUE,63
262,BOYACÁ,PAIPA,63
661,HUILA,TERUEL,63
861,QUINDÍO,FILANDIA,63
24,ANTIOQUIA,CAICEDO,62
417,CAUCA,SOTARA,62
978,SUCRE,GALERAS,62
398,CAUCA,LA SIERRA,62
759,NARIÑO,EL TAMBO,61
712,META,BARRANCA DE UPIA,61
998,TOLIMA,ALVARADO,61
345,CALDAS,VICTORIA,60
455,CHOCÓ,BAJO BAUDO,60
756,NARIÑO,EL PEÑOL,60
283,BOYACÁ,SAN PABLO DE BORBUR,60
591,CUNDINAMARCA,YACOPI,59
1031,TOLIMA,PURIFICACION,59
423,CAUCA,TOTORO,59
203,BOLÍVAR,ZAMBRANO,58
636,HUILA,COLOMBIA,58
168,BOLÍVAR,CLEMENCIA,58
1037,TOLIMA,SAN LUIS,57
77,ANTIOQUIA,OLAYA,57
651,HUILA,PALESTINA,57
834,NORTE DE SANTANDER,SAN CAYETANO,57
253,BOYACÁ,MONIQUIRA,56
1010,TOLIMA,DOLORES,56
1090,VICHADA,LA PRIMAVERA,56
118,ANTIOQUIA,VALPARAISO,56
163,BOLÍVAR,BARRANCO DE LOBA,56
648,HUILA,OPORAPA,56
784,NARIÑO,POTOSI,56
528,CUNDINAMARCA,LA PALMA,56
983,SUCRE,MORROA,56
642,HUILA,IQUIRA,56
152,ATLÁNTICO,SANTO TOMAS,56
377,CASANARE,SAN LUIS DE PALENQUE,55
769,NARIÑO,LA FLORIDA,55
95,ANTIOQUIA,SAN JUAN DE URABA,55
988,SUCRE,SAN JUAN DE BETULIA,55
974,SUCRE,COLOSO,55
624,GUAINÍA,INIRIDA,54
205,BOYACÁ,AQUITANIA,54
500,CUNDINAMARCA,COTA,54
370,CASANARE,NUNCHIA,54
810,NORTE DE SANTANDER,CHINACOTA,54
775,NARIÑO,LOS ANDES,54
62,ANTIOQUIA,JERICO,54
11,ANTIOQUIA,ANZA,54
265,BOYACÁ,PAUNA,54
596,CÓRDOBA,CANALETE,54
343,CALDAS,SAN JOSE,53
558,CUNDINAMARCA,SASAIMA,53
492,CUNDINAMARCA,CAQUEZA,53
1035,TOLIMA,SALDAÑA,53
644,HUILA,LA ARGENTINA,53
967,SANTANDER,VELEZ,53
615,CÓRDOBA,SAN ANDRES SOTAVENTO,53
46,ANTIOQUIA,ENTRERRIOS,52
733,META,SAN CARLOS DE GUAROA,52
742,NARIÑO,ANCUYA,52
545,CUNDINAMARCA,PARATEBUENO,52
1009,TOLIMA,CUNDAY,52
363,CAQUETÁ,VALPARAISO,51
577,CUNDINAMARCA,TOCANCIPA,51
526,CUNDINAMARCA,LA CALERA,51
573,CUNDINAMARCA,TENJO,51
992,SUCRE,SAN PEDRO,51
601,CÓRDOBA,COTORRA,51
457,CHOCÓ,CARMEN DEL DARIEN,51
148,ATLÁNTICO,REPELON,50
613,CÓRDOBA,PURISIMA,50
672,LA GUAJIRA,HATONUEVO,50
552,CUNDINAMARCA,RICAURTE,49
78,ANTIOQUIA,PEQUE,49
18,ANTIOQUIA,BELMIRA,49
80,ANTIOQUIA,PUEBLORRICO,49
912,SANTANDER,EL PLAYON,49
397,CAUCA,JAMBALO,49
681,MAGDALENA,ALGARROBO,48
50,ANTIOQUIA,GIRALDO,48
498,CUNDINAMARCA,CHOCONTA,48
462,CHOCÓ,EL LITORAL DEL SAN JUAN,48
981,SUCRE,LOS PALMITOS,47
708,MAGDALENA,TENERIFE,47
518,CUNDINAMARCA,GUASCA,47
576,CUNDINAMARCA,TOCAIMA,47
115,ANTIOQUIA,URAMITA,46
15,ANTIOQUIA,ARMENIA,46
155,ATLÁNTICO,TUBARA,46
1080,VALLE DEL CAUCA,ULLOA,46
853,PUTUMAYO,SIBUNDOY,46
504,CUNDINAMARCA,EL ROSAL,45
679,LA GUAJIRA,URUMITA,45
778,NARIÑO,MOSQUERA,45
840,NORTE DE SANTANDER,TOLEDO,45
541,CUNDINAMARCA,NOCAIMA,45
1040,TOLIMA,VALLE DE SAN JUAN,45
357,CAQUETÁ,MORELIA,44
328,CALDAS,LA MERCED,44
143,ATLÁNTICO,PALMAR DE VARELA,44
961,SANTANDER,SOCORRO,44
771,NARIÑO,LA TOLA,44
758,NARIÑO,EL TABLON DE GOMEZ,43
535,CUNDINAMARCA,MEDINA,43
553,CUNDINAMARCA,SAN ANTONIO DEL TEQUENDAMA,43
277,BOYACÁ,SAMACA,43
67,ANTIOQUIA,LIBORINA,43
271,BOYACÁ,QUIPAMA,43
491,CUNDINAMARCA,CAPARRAPI,43
946,SANTANDER,PUENTE NACIONAL,42
909,SANTANDER,EL CARMEN DE CHUCURI,42
129,ARAUCA,CRAVO NORTE,42
58,ANTIOQUIA,HISPANIA,42
335,CALDAS,NORCASIA,42
811,NORTE DE SANTANDER,CHITAGA,42
947,SANTANDER,PUERTO PARRA,41
229,BOYACÁ,CUBARA,41
1033,TOLIMA,RONCESVALLES,41
762,NARIÑO,GUACHUCAL,41
146,ATLÁNTICO,PONEDERA,41
111,ANTIOQUIA,TARSO,41
255,BOYACÁ,MUZO,41
461,CHOCÓ,EL CARMEN DE ATRATO,40
995,SUCRE,SUCRE,40
551,CUNDINAMARCA,QUIPILE,40
911,SANTANDER,EL PEÑON,40
605,CÓRDOBA,MOMIL,40
487,CUNDINAMARCA,BOJACA,40
436,CESAR,GONZALEZ,40
1004,TOLIMA,CARMEN DE APICALA,39
499,CUNDINAMARCA,COGUA,39
1012,TOLIMA,FALAN,39
181,BOLÍVAR,NOROSI,39
54,ANTIOQUIA,GUADALUPE,39
1087,VAUPÉS,MITU,39
557,CUNDINAMARCA,SAN JUAN DE RIO SECO,38
785,NARIÑO,PROVIDENCIA,38
191,BOLÍVAR,SAN MARTIN DE LOBA,38
704,MAGDALENA,SANTA ANA,38
566,CUNDINAMARCA,SUESCA,38
963,SANTANDER,SUCRE,38
378,CASANARE,TAMARA,38
749,NARIÑO,CONSACA,37
598,CÓRDOBA,CHIMA,37
747,NARIÑO,CHACHAGUI,37
936,SANTANDER,MOGOTES,36
411,CAUCA,PURACE,36
531,CUNDINAMARCA,LENGUAZAQUE,36
466,CHOCÓ,MEDIO ATRATO,36
646,HUILA,NATAGA,36
37,ANTIOQUIA,CONCEPCION,36
489,CUNDINAMARCA,CACHIPAY,36
225,BOYACÁ,COMBITA,36
164,BOLÍVAR,CALAMAR,36
158,BOLÍVAR,ACHI,36
139,ATLÁNTICO,JUAN DE ACOSTA,36
831,NORTE DE SANTANDER,RAGONVALIA,36
1038,TOLIMA,SANTA ISABEL,36
71,ANTIOQUIA,MONTEBELLO,36
763,NARIÑO,GUAITARILLA,35
807,NORTE DE SANTANDER,BUCARASICA,35
56,ANTIOQUIA,GUATAPE,35
805,NORTE DE SANTANDER,ARBOLEDAS,35
160,BOLÍVAR,ARENAL,35
588,CUNDINAMARCA,VILLAPINZON,34
287,BOYACÁ,SANTANA,34
702,MAGDALENA,SAN SEBASTIAN DE BUENAVISTA,34
259,BOYACÁ,OTANCHE,33
470,CHOCÓ,NUQUI,33
249,BOYACÁ,MARIPI,33
482,CUNDINAMARCA,ANAPOIMA,33
464,CHOCÓ,JURADO,33
556,CUNDINAMARCA,SAN FRANCISCO,33
275,BOYACÁ,SABOYA,33
719,META,EL DORADO,33
435,CESAR,GAMARRA,33
801,NARIÑO,TANGUA,32
543,CUNDINAMARCA,PAIME,32
465,CHOCÓ,LLORO,31
669,LA GUAJIRA,DISTRACCION,31
806,NORTE DE SANTANDER,BOCHALEMA,31
1007,TOLIMA,COELLO,31
1030,TOLIMA,PRADO,31
27,ANTIOQUIA,CARACOLI,31
835,NORTE DE SANTANDER,SANTIAGO,31
483,CUNDINAMARCA,ANOLAIMA,31
479,CHOCÓ,UNION PANAMERICANA,31
559,CUNDINAMARCA,SESQUILE,31
770,NARIÑO,LA LLANADA,30
564,CUNDINAMARCA,SOPO,30
973,SUCRE,CHALAN,30
584,CUNDINAMARCA,VERGARA,30
451,CHOCÓ,ALTO BAUDO,30
453,CHOCÓ,BAGADO,30
578,CUNDINAMARCA,TOPAIPI,30
440,CESAR,MANAURE,30
750,NARIÑO,CONTADERO,30
622,CÓRDOBA,TUCHIN,30
506,CUNDINAMARCA,FOMEQUE,30
1024,TOLIMA,MURILLO,30
808,NORTE DE SANTANDER,CACHIRA,29
962,SANTANDER,SUAITA,29
512,CUNDINAMARCA,GACHANCIPA,29
239,BOYACÁ,GUATEQUE,29
915,SANTANDER,FLORIAN,29
488,CUNDINAMARCA,CABRERA,29
700,MAGDALENA,SABANAS DE SAN ANGEL,29
473,CHOCÓ,RIO QUITO,29
752,NARIÑO,CUASPUD,29
460,CHOCÓ,EL CANTON DEL SAN PABLO,29
814,NORTE DE SANTANDER,CUCUTILLA,28
803,NARIÑO,YACUANQUER,28
562,CUNDINAMARCA,SIMIJACA,28
182,BOLÍVAR,PINILLOS,28
333,CALDAS,MARULANDA,28
572,CUNDINAMARCA,TENA,28
786,NARIÑO,PUERRES,28
1043,TOLIMA,VILLARRICA,27
977,SUCRE,EL ROBLE,27
546,CUNDINAMARCA,PASCA,27
703,MAGDALENA,SAN ZENON,27
142,ATLÁNTICO,MANATI,27
565,CUNDINAMARCA,SUBACHOQUE,27
570,CUNDINAMARCA,TABIO,27
28,ANTIOQUIA,CARAMANTA,27
481,CUNDINAMARCA,ALBAN,27
685,MAGDALENA,CHIBOLO,26
960,SANTANDER,SIMACOTA,26
467,CHOCÓ,MEDIO BAUDO,26
145,ATLÁNTICO,POLONUEVO,26
939,SANTANDER,OIBA,26
376,CASANARE,SACAMA,26
501,CUNDINAMARCA,CUCUNUBA,25
476,CHOCÓ,SIPI,25
920,SANTANDER,GUACA,25
899,SANTANDER,CHARALA,25
167,BOLÍVAR,CICUCO,25
317,BOYACÁ,VENTAQUEMADA,25
743,NARIÑO,ARBOLEDA,25
630,HUILA,AGRADO,25
765,NARIÑO,ILES,25
184,BOLÍVAR,RIO VIEJO,25
860,QUINDÍO,CORDOBA,24
649,HUILA,PAICOL,24
220,BOYACÁ,CHITA,24
985,SUCRE,PALMITO,24
664,HUILA,VILLAVIEJA,24
832,NORTE DE SANTANDER,SALAZAR,24
538,CUNDINAMARCA,NEMOCON,23
928,SANTANDER,LA BELLEZA,23
480,CUNDINAMARCA,AGUA DE DIOS,23
972,SUCRE,CAIMITO,23
496,CUNDINAMARCA,CHIPAQUE,23
745,NARIÑO,BELEN,23
4,ANTIOQUIA,ALEJANDRIA,23
544,CUNDINAMARCA,PANDI,23
554,CUNDINAMARCA,SAN BERNARDO,22
241,BOYACÁ,GUICAN,22
137,ATLÁNTICO,CANDELARIA,22
280,BOYACÁ,SAN LUIS DE GACENO,22
665,HUILA,YAGUARA,22
574,CUNDINAMARCA,TIBACUY,22
857,QUINDÍO,BUENAVISTA,22
965,SANTANDER,TONA,22
521,CUNDINAMARCA,GUAYABAL DE SIQUIMA,22
764,NARIÑO,GUALMATAN,22
273,BOYACÁ,RAQUIRA,22
885,SANTANDER,ALBANIA,21
248,BOYACÁ,MACANAL,21
529,CUNDINAMARCA,LA PEÑA,21
516,CUNDINAMARCA,GRANADA,21
571,CUNDINAMARCA,TAUSA,21
316,BOYACÁ,UMBITA,21
579,CUNDINAMARCA,UBALA,21
929,SANTANDER,LA PAZ,21
689,MAGDALENA,EL PIÑON,21
673,LA GUAJIRA,LA JAGUA DEL PILAR,21
30,ANTIOQUIA,CAROLINA,21
633,HUILA,ALTAMIRA,21
284,BOYACÁ,SANTA MARIA,21
221,BOYACÁ,CHITARAQUE,20
159,BOLÍVAR,ALTOS DEL ROSARIO,20
458,CHOCÓ,CERTEGUI,20
951,SANTANDER,SAN ANDRES,20
695,MAGDALENA,PIJIÑO DEL CARMEN,20
169,BOLÍVAR,CORDOBA,20
841,NORTE DE SANTANDER,VILLA CARO,20
279,BOYACÁ,SAN JOSE DE PARE,20
908,SANTANDER,CURITI,20
837,NORTE DE SANTANDER,SILOS,20
741,NARIÑO,ALDANA,20
375,CASANARE,SABANALARGA,19
713,META,CABUYARO,19
503,CUNDINAMARCA,EL PEÑON,19
292,BOYACÁ,SOCOTA,19
918,SANTANDER,GAMBITA,19
186,BOLÍVAR,SAN ESTANISLAO,19
136,ATLÁNTICO,CAMPO DE LA CRUZ,19
940,SANTANDER,ONZAGA,18
522,CUNDINAMARCA,GUAYABETAL,18
581,CUNDINAMARCA,UNE,18
365,CASANARE,CHAMEZA,18
414,CAUCA,SANTA ROSA,18
240,BOYACÁ,GUAYATA,18
582,CUNDINAMARCA,UTICA,18
144,ATLÁNTICO,PIOJO,18
934,SANTANDER,MALAGA,17
413,CAUCA,SAN SEBASTIAN,17
907,SANTANDER,COROMORO,17
226,BOYACÁ,COPER,17
766,NARIÑO,IMUES,17
585,CUNDINAMARCA,VIANI,17
549,CUNDINAMARCA,QUEBRADANEGRA,17
662,HUILA,TESALIA,17
761,NARIÑO,FUNES,17
567,CUNDINAMARCA,SUPATA,17
525,CUNDINAMARCA,JUNIN,17
555,CUNDINAMARCA,SAN CAYETANO,17
670,LA GUAJIRA,EL MOLINO,17
997,TOLIMA,ALPUJARRA,16
269,BOYACÁ,PISBA,16
266,BOYACÁ,PAYA,16
898,SANTANDER,CERRITO,16
250,BOYACÁ,MIRAFLORES,16
247,BOYACÁ,LABRANZAGRANDE,16
569,CUNDINAMARCA,SUTATAUSA,16
189,BOLÍVAR,SAN JACINTO DEL CAUCA,16
924,SANTANDER,GUEPSA,16
699,MAGDALENA,REMOLINO,16
926,SANTANDER,JESUS MARIA,16
486,CUNDINAMARCA,BITUIMA,16
740,NARIÑO,ALBAN,16
890,SANTANDER,BETULIA,15
792,NARIÑO,SAN BERNARDO,15
587,CUNDINAMARCA,VILLAGOMEZ,15
497,CUNDINAMARCA,CHOACHI,15
256,BOYACÁ,NOBSA,15
819,NORTE DE SANTANDER,GRAMALOTE,15
964,SANTANDER,SURATA,15
850,PUTUMAYO,SAN FRANCISCO,15
694,MAGDALENA,PEDRAZA,15
300,BOYACÁ,SUTATENZA,15
472,CHOCÓ,RIO IRO,15
548,CUNDINAMARCA,PULI,15
980,SUCRE,LA UNION,15
294,BOYACÁ,SOMONDOCO,14
296,BOYACÁ,SORACA,14
701,MAGDALENA,SALAMINA,14
815,NORTE DE SANTANDER,DURANIA,14
304,BOYACÁ,TIBASOSA,14
213,BOYACÁ,CALDAS,14
223,BOYACÁ,CHIVOR,14
456,CHOCÓ,BOJAYA,14
187,BOLÍVAR,SAN FERNANDO,14
216,BOYACÁ,CHINAVITA,14
539,CUNDINAMARCA,NILO,14
705,MAGDALENA,SANTA BARBARA DE PINTO,14
637,HUILA,ELIAS,13
809,NORTE DE SANTANDER,CACOTA,13
173,BOLÍVAR,HATILLO DE LOBA,13
1086,VAUPÉS,CARURU,13
272,BOYACÁ,RAMIRIQUI,13
1039,TOLIMA,SUAREZ,13
94,ANTIOQUIA,SAN JOSE DE LA MONTAÑA,13
511,CUNDINAMARCA,GACHALA,13
932,SANTANDER,LOS SANTOS,13
211,BOYACÁ,BUENAVISTA,13
514,CUNDINAMARCA,GAMA,12
779,NARIÑO,NARIÑO,12
318,BOYACÁ,VILLA DE LEYVA,12
971,SUCRE,BUENAVISTA,12
305,BOYACÁ,TINJACA,12
121,ANTIOQUIA,VIGIA DEL FUERTE,12
966,SANTANDER,VALLE DE SAN JOSE,12
485,CUNDINAMARCA,BELTRAN,12
162,BOLÍVAR,ARROYOHONDO,12
592,CUNDINAMARCA,ZIPACON,12
176,BOLÍVAR,MARGARITA,12
821,NORTE DE SANTANDER,HERRAN,12
156,ATLÁNTICO,USIACURI,11
301,BOYACÁ,TASCO,11
289,BOYACÁ,SIACHOQUE,11
233,BOYACÁ,EL COCUY,11
183,BOLÍVAR,REGIDOR,11
198,BOLÍVAR,TALAIGUA NUEVO,11
207,BOYACÁ,BELEN,11
206,BOYACÁ,ARCABUCO,11
935,SANTANDER,MATANZA,11
795,NARIÑO,SAN PEDRO DE CARTAGO,11
799,NARIÑO,SAPUYES,11
580,CUNDINAMARCA,UBAQUE,11
938,SANTANDER,OCAMONTE,11
494,CUNDINAMARCA,CHAGUANI,11
852,PUTUMAYO,SANTIAGO,11
895,SANTANDER,CAPITANEJO,10
523,CUNDINAMARCA,GUTIERREZ,10
970,SANTANDER,ZAPATOCA,10
263,BOYACÁ,PAJARITO,10
900,SANTANDER,CHARTA,10
219,BOYACÁ,CHISCAS,10
307,BOYACÁ,TOCA,10
320,BOYACÁ,ZETAQUIRA,10
583,CUNDINAMARCA,VENECIA,10
171,BOLÍVAR,EL GUAMO,10
3,ANTIOQUIA,ABRIAQUI,10
285,BOYACÁ,SANTA ROSA DE VITERBO,9
374,CASANARE,RECETOR,9
276,BOYACÁ,SACHICA,9
902,SANTANDER,CHIPATA,9
72,ANTIOQUIA,MURINDO,9
532,CUNDINAMARCA,MACHETA,9
520,CUNDINAMARCA,GUATAVITA,9
493,CUNDINAMARCA,CARMEN DE CARUPA,9
827,NORTE DE SANTANDER,MUTISCUA,9
550,CUNDINAMARCA,QUETAME,9
214,BOYACÁ,CAMPOHERMOSO,9
921,SANTANDER,GUADALUPE,9
314,BOYACÁ,TUTA,9
1092,VICHADA,SANTA ROSALIA,9
319,BOYACÁ,VIRACACHA,9
154,ATLÁNTICO,SUAN,8
687,MAGDALENA,CONCORDIA,8
537,CUNDINAMARCA,NARIÑO,8
540,CUNDINAMARCA,NIMAIMA,8
901,SANTANDER,CHIMA,8
943,SANTANDER,PARAMO,8
209,BOYACÁ,BOAVITA,8
281,BOYACÁ,SAN MATEO,8
824,NORTE DE SANTANDER,LABATECA,8
952,SANTANDER,SAN BENITO,8
524,CUNDINAMARCA,JERUSALEN,8
945,SANTANDER,PINCHOTE,8
298,BOYACÁ,SUSACON,8
218,BOYACÁ,CHIQUIZA,8
519,CUNDINAMARCA,GUATAQUI,8
955,SANTANDER,SAN JOSE DE MIRANDA,7
204,BOYACÁ,ALMEIDA,7
313,BOYACÁ,TURMEQUE,7
308,BOYACÁ,TOGUI,7
1,AMAZONAS,PUERTO NARIÑO,7
959,SANTANDER,SANTA HELENA DEL OPON,7
781,NARIÑO,OSPINA,7
237,BOYACÁ,GACHANTIVA,7
268,BOYACÁ,PESCA,7
575,CUNDINAMARCA,TIBIRITA,7
257,BOYACÁ,NUEVO COLON,7
507,CUNDINAMARCA,FOSCA,7
954,SANTANDER,SAN JOAQUIN,7
826,NORTE DE SANTANDER,LOURDES,7
278,BOYACÁ,SAN EDUARDO,7
245,BOYACÁ,LA UVITA,7
238,BOYACÁ,GAMEZA,7
297,BOYACÁ,SOTAQUIRA,7
243,BOYACÁ,JERICO,7
210,BOYACÁ,BRICEÑO,6
242,BOYACÁ,JENESANO,6
235,BOYACÁ,FIRAVITOBA,6
958,SANTANDER,SANTA BARBARA,6
888,SANTANDER,BARICHARA,6
261,BOYACÁ,PAEZ,6
224,BOYACÁ,CIENEGA,6
896,SANTANDER,CARCASI,6
282,BOYACÁ,SAN MIGUEL DE SEMA,6
295,BOYACÁ,SORA,6
709,MAGDALENA,ZAPAYAN,6
310,BOYACÁ,TOTA,6
367,CASANARE,LA SALINA,6
291,BOYACÁ,SOCHA,6
290,BOYACÁ,SOATA,6
534,CUNDINAMARCA,MANTA,6
913,SANTANDER,ENCINO,6
303,BOYACÁ,TIBANA,6
309,BOYACÁ,TOPAGA,6
905,SANTANDER,CONFINES,6
258,BOYACÁ,OICATA,6
254,BOYACÁ,MOTAVITA,6
252,BOYACÁ,MONGUI,6
843,PUTUMAYO,COLON,5
937,SANTANDER,MOLAGAVITA,5
509,CUNDINAMARCA,FUQUENE,5
306,BOYACÁ,TIPACOQUE,5
942,SANTANDER,PALMAS DEL SOCORRO,5
299,BOYACÁ,SUTAMARCHAN,5
230,BOYACÁ,CUCAITA,5
969,SANTANDER,VILLANUEVA,5
231,BOYACÁ,CUITIVA,5
922,SANTANDER,GUAPOTA,5
923,SANTANDER,GUAVATA,5
910,SANTANDER,EL GUACAMAYO,5
906,SANTANDER,CONTRATACION,5
267,BOYACÁ,PAZ DE RIO,5
251,BOYACÁ,MONGUA,5
315,BOYACÁ,TUTAZA,5
884,SANTANDER,AGUADA,5
227,BOYACÁ,CORRALES,5
228,BOYACÁ,COVARACHIA,5
222,BOYACÁ,CHIVATA,4
197,BOLÍVAR,SOPLAVIENTO,4
882,SAN ANDRÉS ISLAS,PROVIDENCIA,4
886,SANTANDER,ARATOCA,4
286,BOYACÁ,SANTA SOFIA,4
684,MAGDALENA,CERRO SAN ANTONIO,4
274,BOYACÁ,RONDON,4
246,BOYACÁ,LA VICTORIA,4
717,META,EL CALVARIO,4
208,BOYACÁ,BERBEO,4
1028,TOLIMA,PIEDRAS,4
904,SANTANDER,CONCEPCION,3
914,SANTANDER,ENCISO,3
735,META,SAN JUANITO,3
151,ATLÁNTICO,SANTA LUCIA,3
927,SANTANDER,JORDAN,3
288,BOYACÁ,SATIVANORTE,3
568,CUNDINAMARCA,SUSA,3
172,BOLÍVAR,EL PEÑON,3
185,BOLÍVAR,SAN CRISTOBAL,3
215,BOYACÁ,CERINZA,3
244,BOYACÁ,LA CAPILLA,3
234,BOYACÁ,EL ESPINO,2
1088,VAUPÉS,TARAIRA,2
264,BOYACÁ,PANQUEBA,2
260,BOYACÁ,PACHAVITA,2
968,SANTANDER,VETAS,2
302,BOYACÁ,TENZA,2
893,SANTANDER,CABRERA,2
312,BOYACÁ,TUNUNGUA,2
925,SANTANDER,HATO,2
941,SANTANDER,PALMAR,1
236,BOYACÁ,FLORESTA,1
933,SANTANDER,MACARAVITA,1
894,SANTANDER,CALIFORNIA,1
917,SANTANDER,GALAN,1
897,SANTANDER,CEPITA,1
956,SANTANDER,SAN MIGUEL,1
212,BOYACÁ,BUSBANZA,1
